Code,Server,Service Tier,CMS,Branch,Primary Domain,Admin Link,Web Dir
A1-Tank,thalos,Tiny,3,dalaran,a1tankinstallation.com,https://a1-tank.solutiosoftware.com/administrator,nra/a1-tank
ABBGI,thalos,Tiny,3,dalaran,abbgi.com,https://abbgi.solutiosoftware.com/administrator,nra/abbgi
ABC-Hays,wold,Small,3,dalaran,abcseamless.net,https://abc-hays.solutiosoftware.com/administrator,nra/abc-hays
ABVM-Dun,moria2,,3,crystalsong,assumptionduncanok.com,https://abvm-dun.solutiosoftware.com/administrator,okc/abvm-dun
AgapeNFP,underhill,Medium,3,dalaran,www.agapenfp.net,https://agapenfp.solutiosoftware.com/administrator,nra/agapenfp
Alliance,thalos,,3,dalaran,bbccatholic.com,https://alliance.solutiosoftware.com/administrator,grandisland/alliance
AllSaints-Dallas,thalos,,3,dalaran,www.allsaintsdallas.org,https://allsaints-dallas.solutiosoftware.com/administrator,dallas/allsaints-dallas
AllSaints-Hold,valinor,,3,dalaran,allsaintsholdrege.org,https://allsaints-hold.solutiosoftware.com/administrator,lincoln/allsaints-hold
AllSaints-Norman,underhill,Small,3,dalaran,www.allsaintsnorman.org,https://allsaints-norman.solutiosoftware.com/administrator,okc/allsaints-norman
Andale,moria2,Medium,3,crystalsong,www.cityofandale.com,https://andale.solutiosoftware.com/administrator,nra/andale
Assumption-Center,wold,,3,dalaran,www.abvmcentereach.com,https://assumption-center.solutiosoftware.com/administrator,rc/assumption-center
Assumption-West,underhill,,3,dalaran,www.assumptionwestport.org,https://assumption-west.solutiosoftware.com/administrator,bridgeport/assumption-west
BecketMore,thalos,Tiny,3,dalaran,becketmore.law,https://becketmore.solutiosoftware.com/administrator,nra/becketmore
Blair75,yale,,3,dalaran,www.trinitycatholicparishes.org,https://blair75.solutiosoftware.com/administrator,omaha/blair75
Blockers,underhill,,4,,blockers.solutiosoftware.com,https://blockers.solutiosoftware.com/administrator,solutio/blockers
Brooklyn-Bros,thalos,Medium,3,dalaran,www.franciscanbrothersosf.org,https://brooklyn-bros.solutiosoftware.com/administrator,nra/brooklyn-bros
BS-Hanceville,valinor,Medium,3,dalaran,www.olamshrine.com,https://bs-hanceville.solutiosoftware.com/administrator,birmingham/bs-hanceville
BS-Valley,thalos,,3,dalaran,www.bsvs.us,https://bs-valley.solutiosoftware.com/administrator,rc/bs-valley
BS-Wichita,yale,,3,dalaran,blessedsacramentwichita.com,https://bs-wichita.solutiosoftware.com/administrator,wichita/bs-wichita
Buffalo-North,wold,,3,dalaran,catholiccbn.com,https://buffalo-north.solutiosoftware.com/administrator,buffalo/buffalo-north
BVM-Wynnewood,thalos,,3,dalaran,presbvm.org,https://bvm-wynnewood.solutiosoftware.com/administrator,philadelphia/bvm-wynnewood
Canaan,underhill,Medium,3,dalaran,www.enteringcanaan.com,https://canaan.solutiosoftware.com/administrator,nra/canaan
Capuchins-OFM,yale,Medium,3,dalaran,www.capuchin.org,https://capuchins-ofm.solutiosoftware.com/administrator,nra/capuchins-ofm
Carmel-Hub,underhill,Small,3,dalaran,www.maryhelpofchristiansocds.com,https://carmel-hub.solutiosoftware.com/administrator,nra/carmel-hub
Carmelite-California,wold,Small,3,dalaran,www.carmelscapular.com,https://carmelite-california.solutiosoftware.com/administrator,nra/carmelite-california
Carmelite-North,thalos,Medium,3,dalaran,carmelitedcjnorth.org,https://carmelite-north.solutiosoftware.com/administrator,nra/carmelite-north
Carmelite-Teresa,valinor,Tiny,3,dalaran,carmeliteministry.org,https://carmelite-teresa.solutiosoftware.com/administrator,nra/carmelite-teresa
Carmelites-MEV,underhill,Tiny,3,dalaran,maryevervirgin.org,https://carmelites-mev.solutiosoftware.com/administrator,nra/carmelites-mev
CATH,underhill,Small,3,dalaran,teachingpreachers.org,https://cath.solutiosoftware.com/administrator,nra/cath
Cathedral,thalos,,3,dalaran,wichitacathedral.com,https://cathedral.solutiosoftware.com/administrator,wichita/cathedral
CC-Lawrence,valinor,,3,dalaran,www.cccparish.org,https://cc-lawrence.solutiosoftware.com/administrator,kck/cc-lawrence
CCBC-ML,moria2,,3,crystalsong,barbercountycatholic.org,https://ccbc-ml.solutiosoftware.com/administrator,dodgecity/ccbc-ml
CF-FortWayne,thalos,Medium,3,dalaran,ccfnei.org,https://cf-fortwayne.solutiosoftware.com/administrator,nra/cf-fortwayne
CFA,yale,Tiny,3,dalaran,www.caminofullyalive.com,https://cfa.solutiosoftware.com/administrator,nra/cfa
Chanute,thalos,Small,3,dalaran,stpatrickchanute.org,https://chanute.solutiosoftware.com/administrator,wichita/chanute
COL-CH,moria2,Medium,3,crystalsong,christourlight.net,https://col-ch.solutiosoftware.com/administrator,camden/col-ch
Colwich,zelda,,3,dalaran,sacredheartcolwich.org,https://colwich.solutiosoftware.com/administrator,wichita/colwich
Comeau,thalos,,3,dalaran,www.catholictigers.org,https://comeau.solutiosoftware.com/administrator,salina/comeau
Congress-KS,valinor,Tiny,3,dalaran,congressionalcolleagues.com,https://congress-ks.solutiosoftware.com/administrator,nra/congress-ks
ConRes-USA,underhill,Small,3,dalaran,resurrectionists.com,https://conres-usa.solutiosoftware.com/administrator,nra/conres-usa
CSS,moria2,Small,3,crystalsong,catholiccharitiesswks.org,https://css.solutiosoftware.com/administrator,dodgecity/css
CTK-Indy,thalos,,3,dalaran,www.ctk-indy.org,https://ctk-indy.solutiosoftware.com/administrator,indianapolis/ctk-indy
CTK-Scott,moria2,Tiny,3,crystalsong,ctkscottsville.org,https://ctk-scott.solutiosoftware.com/administrator,owensboro/ctk-scott
CTK-Sisters,underhill,Small,3,dalaran,www.cksisters.org,https://ctk-sisters.solutiosoftware.com/administrator,nra/ctk-sisters
CTK-Wichita,underhill,,3,dalaran,www.ctkwichita.org,https://ctk-wichita.solutiosoftware.com/administrator,wichita/ctk-wichita
Cure-Mer,zelda,,3,dalaran,cureofarschurch.org,https://cure-mer.solutiosoftware.com/administrator,rc/cure-mer
DCDio,thalos,Large,3,dalaran,www.dcdiocese.org,https://dcdio.solutiosoftware.com/administrator,dodgecity/dcdio
Dear-Wichita,thalos,Small,3,dalaran,dearneighbor.org,https://dear-wichita.solutiosoftware.com/administrator,wichita/dear-wichita
DeGrafChrio,moria2,Tiny,3,crystalsong,degraffchiro.com,https://degrafchrio.solutiosoftware.com/administrator,nra/degrafchrio
Didde,thalos,,3,dalaran,www.diddecenter.org,https://didde.solutiosoftware.com/administrator,kck/didde
Dio-Bell,thalos,Large,3,dalaran,www.diobelle.org,https://dio-bell.solutiosoftware.com/administrator,belleville/dio-bell
Dodge,underhill,,3,dalaran,dodgecitycathedral.com,https://dodge.solutiosoftware.com/administrator,dodgecity/dodge
Donovan,thalos,Medium,3,dalaran,www.donovancatholic.org,https://donovan.solutiosoftware.com/administrator,trenton/donovan
Drilling-TriState,underhill,Small,3,dalaran,tristatedrillingtech.com,https://drilling-tristate.solutiosoftware.com/administrator,nra/drilling-tristate
DU-Wichita,thalos,Small,3,dalaran,ducinaltumpilgrimages.com,https://du-wichita.solutiosoftware.com/administrator,nra/du-wichita
Dumond,thalos,Tiny,3,dalaran,dumondprinting.com,https://dumond.solutiosoftware.com/administrator,nra/dumond
ElDorado,thalos,,3,dalaran,stjohneldorado.com,https://eldorado.solutiosoftware.com/administrator,wichita/eldorado
Fatima-Port,wold,,3,dalaran,olfpw.org,https://fatima-port.solutiosoftware.com/administrator,rc/fatima-port
FCG,thalos,Small,3,dalaran,www.fcgincgroup.com,https://fcg.solutiosoftware.com/administrator,nra/fcg
FertilityCare,thalos,Medium,3,dalaran,aafcp.net,https://fertilitycare.solutiosoftware.com/administrator,nra/fertilitycare
Flatland,thalos,Small,3,dalaran,flatland-construction.com,https://flatland.solutiosoftware.com/administrator,nra/flatland
ForwardTogether,thalos,Tiny,3,dalaran,wemoveforwardtogether.org,https://forwardtogether.solutiosoftware.com/administrator,nra/forwardtogether
Franciscan-Peace,zelda,Small,3,dalaran,brothersofpeace.org,https://franciscan-peace.solutiosoftware.com/administrator,nra/franciscan-peace
Freund,zelda,Tiny,3,dalaran,www.freundfurniture.com,https://freund.solutiosoftware.com/administrator,nra/freund
FSCDT,moria2,Tiny,3,crystalsong,www.divineteacher.org,https://fscdt.solutiosoftware.com/administrator,nra/fscdt
Gorman-NFP,yale,Tiny,3,dalaran,www.fiatnfp.com,https://gorman-nfp.solutiosoftware.com/administrator,nra/gorman-nfp
Greenwood,yale,,3,dalaran,greenwoodcatholic.org,https://greenwood.solutiosoftware.com/administrator,wichita/greenwood
GRN,valinor,Medium,3,dalaran,www.grnonline.com,https://grn.solutiosoftware.com/administrator,nra/grn
GS-Beverly,wold,,3,dalaran,www.jesusthegoodshepherd.org,https://gs-beverly.solutiosoftware.com/administrator,trenton/gs-beverly
GS-Holbrook,yale,,3,dalaran,goodshepherdrcchurch.org,https://gs-holbrook.solutiosoftware.com/administrator,rc/gs-holbrook
GW-Co,thalos,Tiny,3,dalaran,westernkansascatholic.com,https://gw-co.solutiosoftware.com/administrator,dodgecity/gw-co
Halstead,thalos,,3,dalaran,sacredhearthalstead.com,https://halstead.solutiosoftware.com/administrator,wichita/halstead
Harrah,wold,,3,dalaran,stteresaharrah.org,https://harrah.solutiosoftware.com/administrator,okc/harrah
Haysville,underhill,,3,dalaran,www.stceciliahaysville.org,https://haysville.solutiosoftware.com/administrator,wichita/haysville
HC-Bridge,valinor,,3,dalaran,parishholycross.org,https://hc-bridge.solutiosoftware.com/administrator,camden/hc-bridge
HC-Dover,thalos,,3,dalaran,holycrossdover.org,https://hc-dover.solutiosoftware.com/administrator,wilmington/hc-dover
HC-Hutch,wold,,3,dalaran,holycross-hutch.com,https://hc-hutch.solutiosoftware.com/administrator,wichita/hc-hutch
HC-Over,zelda,,3,dalaran,holycrossopks.org,https://hc-over.solutiosoftware.com/administrator,kck/hc-over
HealingLove,yale,Medium,3,dalaran,www.motherofhealinglove.org,https://healinglove.solutiosoftware.com/administrator,manchester/healinglove
HF-Law,wold,,3,dalaran,holyfamilylawton.org,https://hf-law.solutiosoftware.com/administrator,okc/hf-law
HF-Marion,moria2,Medium,3,crystalsong,hfpmc.org,https://hf-marion.solutiosoftware.com/administrator,wichita/hf-marion
HFMA,underhill,Small,3,dalaran,holyfamilymedical.com,https://hfma.solutiosoftware.com/administrator,nra/hfma
HN-Chick,thalos,Tiny,3,dalaran,holynamechickasha.org,https://hn-chick.solutiosoftware.com/administrator,okc/hn-chick
HN-Coffey,valinor,,3,dalaran,holynamecoffeyville.org,https://hn-coffey.solutiosoftware.com/administrator,wichita/hn-coffey
HN-Winfield,yale,,3,dalaran,holynamewinfield.org,https://hn-winfield.solutiosoftware.com/administrator,wichita/hn-winfield
Holy-Okar,wold,,3,dalaran,www.holytrinityok.org,https://holy-okar.solutiosoftware.com/administrator,okc/holy-okar
HolyHill,wold,Medium,3,dalaran,www.holyhill.com,https://holyhill.solutiosoftware.com/administrator,milwaukee/holyhill
HolyName-KC,yale,,3,dalaran,www.holynameparishkck.org,https://holyname-kc.solutiosoftware.com/administrator,kck/holyname-kc
HolyName-Valley,wold,,3,dalaran,holyname-valley.solutiosoftware.com,https://holyname-valley.solutiosoftware.com/administrator,rc/holyname-valley
HopeHolly,yale,Tiny,3,dalaran,hopefromholly.com,https://hopeholly.solutiosoftware.com/administrator,nra/hopeholly
HS-Fairfield,wold,,3,dalaran,hs-fairfield.solutiosoftware.com,https://hs-fairfield.solutiosoftware.com/administrator,sacramento/hs-fairfield
HS-God,valinor,,3,dalaran,www.holyspiritwichita.com,https://hs-god.solutiosoftware.com/administrator,wichita/hs-god
HS-Indy,zelda,,3,dalaran,www.holyspirit-indy.org,https://hs-indy.solutiosoftware.com/administrator,indianapolis/hs-indy
HS-Wichita,thalos,,3,dalaran,holy-savior.org,https://hs-wichita.solutiosoftware.com/administrator,wichita/hs-wichita
IC-Baltic,thalos,,3,dalaran,stmaryicbaltic.org,https://ic-baltic.solutiosoftware.com/administrator,norwich/ic-baltic
IC-Claflin,yale,Tiny,3,dalaran,iccholyfamily.com,https://ic-claflin.solutiosoftware.com/administrator,dodgecity/ic-claflin
IC-Cotton,valinor,,3,dalaran,icparishaz.org,https://ic-cotton.solutiosoftware.com/administrator,phoenix/ic-cotton
IC-Henderson,yale,,3,dalaran,ichvl.com,https://ic-henderson.solutiosoftware.com/administrator,charlotte/ic-henderson
IC-KC,underhill,,3,dalaran,www.kcgolddome.org,https://ic-kc.solutiosoftware.com/administrator,kcm/ic-kc
IC-Lafay,moria2,Small,3,crystalsong,lafayettecatholic.org,https://ic-lafay.solutiosoftware.com/administrator,denver/ic-lafay
IC-Lagrange,valinor,,3,dalaran,www.iclagrange.org,https://ic-lagrange.solutiosoftware.com/administrator,louisville/ic-lagrange
IC-Rapid,valinor,,3,dalaran,www.iccr.church,https://ic-rapid.solutiosoftware.com/administrator,dubuque/ic-rapid
IC-Ravenna,yale,,3,dalaran,www.icparishravenna.org,https://ic-ravenna.solutiosoftware.com/administrator,youngstown/ic-ravenna
IC-Will,wold,,3,dalaran,immaculate.net,https://ic-will.solutiosoftware.com/administrator,cleveland/ic-will
ICHC-Arn,thalos,,3,dalaran,holyfamilyarnold.org,https://ichc-arn.solutiosoftware.com/administrator,stlouis/ichc-arn
IHM,zelda,Medium,3,dalaran,sistersihmofwichita.org,https://ihm.solutiosoftware.com/administrator,wichita/ihm
IHM-Hays,zelda,,3,dalaran,www.ihm-church.com,https://ihm-hays.solutiosoftware.com/administrator,salina/ihm-hays
IME,wold,Small,3,dalaran,www.itemissaest.org,https://ime.solutiosoftware.com/administrator,cincinnati/ime
Incarn-Louisville,wold,,3,dalaran,www.icclou.org,https://incarn-louisville.solutiosoftware.com/administrator,louisville/incarn-louisville
Indy,underhill,,3,dalaran,standrewindependence.com,https://indy.solutiosoftware.com/administrator,wichita/indy
Infant-Port,valinor,,3,dalaran,www.infantjesus.org,https://infant-port.solutiosoftware.com/administrator,rc/infant-port
Iowa22,underhill,,3,dalaran,holyfamilyrrw.org,https://iowa22.solutiosoftware.com/administrator,davenport/iowa22
IRL,yale,Medium,3,dalaran,religiouslife.com,https://irl.solutiosoftware.com/administrator,nra/irl
JK-Mon,moria2,Micro,3,crystalsong,jkmonuments.com,https://jk-mon.solutiosoftware.com/administrator,nra/jk-mon
JP-Over,valinor,Medium,3,dalaran,www.johnpaul2opks.com,https://jp-over.solutiosoftware.com/administrator,kck/jp-over
JPII-Middle,wold,,3,dalaran,www.jpii.org,https://jpii-middle.solutiosoftware.com/administrator,nra/jpii-middle
JS-Fund,thalos,Small,3,dalaran,jessicascottnursingscholarship.org,https://js-fund.solutiosoftware.com/administrator,nra/js-fund
KAIRS,thalos,Tiny,3,dalaran,kairs.org,https://kairs.solutiosoftware.com/administrator,salina/kairs
Kansas-CC,yale,Small,3,dalaran,www.kansascatholic.org,https://kansas-cc.solutiosoftware.com/administrator,nra/kansas-cc
KofC-GA,wold,Medium,3,dalaran,www.gakofc.org,https://kofc-ga.solutiosoftware.com/administrator,nra/kofc-ga
KS-Children,yale,Tiny,3,dalaran,www.kssociety.org,https://ks-children.solutiosoftware.com/administrator,nra/ks-children
Lansing,underhill,,3,dalaran,stfrancislansing.org,https://lansing.solutiosoftware.com/administrator,kck/lansing
Larned,moria2,,3,crystalsong,sacredheartlarned.org,https://larned.solutiosoftware.com/administrator,dodgecity/larned
LightStorm,yale,Tiny,3,dalaran,lightstorm.solutiosoftware.com,https://lightstorm.solutiosoftware.com/administrator,nra/lightstorm
Linc-Dio,underhill,Large,3,dalaran,www.lincolndiocese.org,https://linc-dio.solutiosoftware.com/administrator,lincoln/linc-dio
Lincoln-Cathedral,underhill,,3,dalaran,www.cathedraloftherisenchrist.org,https://lincoln-cathedral.solutiosoftware.com/administrator,lincoln/lincoln-cathedral
LivingRosary,thalos,Tiny,3,dalaran,thelivingrosaryapostolate.com,https://livingrosary.solutiosoftware.com/administrator,nra/livingrosary
LMSteel,moria2,Tiny,3,crystalsong,lmsteel.net,https://lmsteel.solutiosoftware.com/administrator,nra/lmsteel
Lo-Bros,zelda,Small,3,dalaran,franciscanstor.org,https://lo-bros.solutiosoftware.com/administrator,nra/lo-bros
Lords-Diner,wold,Small,3,dalaran,thelordsdiner.org,https://lords-diner.solutiosoftware.com/administrator,wichita/lords-diner
Louisville-Vocations,yale,Medium,3,dalaran,www.archlouvocations.org,https://louisville-vocations.solutiosoftware.com/administrator,louisville/louisville-vocations
Lynch,thalos,Medium,3,dalaran,www.lynchdevelopment.com,https://lynch.solutiosoftware.com/administrator,nra/lynch
Lyons,thalos,,3,dalaran,stpaulslyons.com,https://lyons.solutiosoftware.com/administrator,wichita/lyons
Mac,thalos,,3,dalaran,stjosephmcpherson.com,https://mac.solutiosoftware.com/administrator,wichita/mac
Magdalen,thalos,,3,dalaran,www.magdalenwichita.com,https://magdalen.solutiosoftware.com/administrator,wichita/magdalen
MAP-Maine,yale,,3,dalaran,www.maryagnespaul.org,https://map-maine.solutiosoftware.com/administrator,portland/map-maine
Martyrs-Lincoln,wold,,3,dalaran,martyrs-lincoln.solutiosoftware.com,https://martyrs-lincoln.solutiosoftware.com/administrator,lincoln/martyrs-lincoln
MQP-Louisville,underhill,,3,dalaran,www.maryqueenofpeace.net,https://mqp-louisville.solutiosoftware.com/administrator,louisville/mqp-louisville
Msgr-John,moria2,Tiny,3,crystalsong,machakos.org,https://msgr-john.solutiosoftware.com/administrator,nra/msgr-john
MSHF,moria2,Medium,3,crystalsong,www.theholyfamilysisters.com,https://mshf.solutiosoftware.com/administrator,nra/mshf
MSS-Lil,moria2,Small,3,crystalsong,www.ststephenthemartyr.info,https://mss-lil.solutiosoftware.com/administrator,atlanta/mss-lil
MTC-Top,wold,,3,dalaran,mtcctopeka.org,https://mtc-top.solutiosoftware.com/administrator,kck/mtc-top
Nashville-Vocations,wold,Small,3,dalaran,www.nashvocations.org,https://nashville-vocations.solutiosoftware.com/administrator,nashville/nashville-vocations
NeedNow,valinor,Tiny,3,dalaran,www.needyourightnow.com,https://neednow.solutiosoftware.com/administrator,nra/neednow
Nets,wold,Small,3,dalaran,castingnetsministries.com,https://nets.solutiosoftware.com/administrator,nra/nets
Nets-Inst,moria2,Small,3,crystalsong,castingnetsinstitute.com,https://nets-inst.solutiosoftware.com/administrator,nra/nets-inst
New-Pit,valinor,Small,3,dalaran,catholicgorillas.org,https://new-pit.solutiosoftware.com/administrator,wichita/new-pit
Norbertine-Canonesses,underhill,Large,3,dalaran,www.norbertinecanonesses.org,https://norbertine-canonesses.solutiosoftware.com/administrator,nra/norbertine-canonesses
NoSite-Domains,thalos,,3,dalaran,nosite-domains.example,https://nosite-domains.solutiosoftware.com/administrator,solutio/nosite-domains
NSRT,yale,Small,3,dalaran,nsrt.net,https://nsrt.solutiosoftware.com/administrator,nra/nsrt
Oakley,zelda,,3,dalaran,sjoakley.org,https://oakley.solutiosoftware.com/administrator,salina/oakley
OBS,moria2,Medium,3,crystalsong,www.olivben.org,https://obs.solutiosoftware.com/administrator,nra/obs
OLC-Holy,thalos,,3,dalaran,ourladyofthecross.com,https://olc-holy.solutiosoftware.com/administrator,springfieldma/olc-holy
OLG-Babylon,wold,,3,dalaran,www.ourladyofgrace.net,https://olg-babylon.solutiosoftware.com/administrator,rc/olg-babylon
OLG-Green,thalos,,3,dalaran,olgreenwood.org,https://olg-green.solutiosoftware.com/administrator,indianapolis/olg-green
OLG-Health,yale,Small,3,dalaran,www.catholicmentalhealthcenter.com,https://olg-health.solutiosoftware.com/administrator,nra/olg-health
OLG-Hutch,underhill,,3,dalaran,olghutch.com,https://olg-hutch.solutiosoftware.com/administrator,wichita/olg-hutch
OLG-Moorestown,wold,,3,dalaran,www.olgcnj.org,https://olg-moorestown.solutiosoftware.com/administrator,trenton/olg-moorestown
OLMC-Fairfield,wold,,3,dalaran,olmc-fairfield.solutiosoftware.com,https://olmc-fairfield.solutiosoftware.com/administrator,sacramento/olmc-fairfield
OLMC-Wickliffe,yale,,3,dalaran,www.olmcwickliffe.org,https://olmc-wickliffe.solutiosoftware.com/administrator,cleveland/olmc-wickliffe
OLOG-Wet,underhill,Small,3,dalaran,ologchurch.org,https://olog-wet.solutiosoftware.com/administrator,mobile/olog-wet
OLP-Clarksville,yale,Medium,3,dalaran,www.providencehigh.net,https://olp-clarksville.solutiosoftware.com/administrator,indianapolis/olp-clarksville
OLPH-Con,valinor,Small,3,dalaran,olphconcordia.org,https://olph-con.solutiosoftware.com/administrator,salina/olph-con
OLPH-Hammond,wold,,3,dalaran,olph-hammond.solutiosoftware.com,https://olph-hammond.solutiosoftware.com/administrator,gary/olph-hammond
OLPH-Indio,thalos,,3,dalaran,www.olphindio.org,https://olph-indio.solutiosoftware.com/administrator,sanbernardino/olph-indio
OLPH-Maple,valinor,,3,dalaran,olphparish.com,https://olph-maple.solutiosoftware.com/administrator,trenton/olph-maple
OLPH-NewAlbany,underhill,,3,dalaran,olphna.org,https://olph-newalbany.solutiosoftware.com/administrator,indianapolis/olph-newalbany
OLPH-Wichita,wold,Small,3,dalaran,olph-wichita.solutiosoftware.com,https://olph-wichita.solutiosoftware.com/administrator,wichita/olph-wichita
OLV-Kiowa,valinor,,3,dalaran,www.olvonline.org,https://olv-kiowa.solutiosoftware.com/administrator,coloradosprings/olv-kiowa
Osage-Scranton,valinor,,3,dalaran,stpatrickchurches.org,https://osage-scranton.solutiosoftware.com/administrator,kck/osage-scranton
OurLady-Abington,yale,,3,dalaran,olhcabington.com,https://ourlady-abington.solutiosoftware.com/administrator,philadelphia/ourlady-abington
OurLady-Ankeny,yale,Medium,3,dalaran,www.olih.org,https://ourlady-ankeny.solutiosoftware.com/administrator,desmoines/ourlady-ankeny
OurLady-Aurora,yale,,3,dalaran,www.ourladyofgoodcounsel.net,https://ourlady-aurora.solutiosoftware.com/administrator,rockford/ourlady-aurora
OurLady-Canton,valinor,Medium,3,dalaran,www.ollcanton.com,https://ourlady-canton.solutiosoftware.com/administrator,atlanta/ourlady-canton
OurLady-Centerport,wold,,3,dalaran,www.olqmparish.org,https://ourlady-centerport.solutiosoftware.com/administrator,rc/ourlady-centerport
OurLady-Haines,thalos,,3,dalaran,ourladyqop.org,https://ourlady-haines.solutiosoftware.com/administrator,trenton/ourlady-haines
OurLady-Harrison,wold,,3,dalaran,ourladyoflourdesharrisonville.org,https://ourlady-harrison.solutiosoftware.com/administrator,kcm/ourlady-harrison
OurLady-Kenosha,underhill,,3,dalaran,hrosarykenosha.org,https://ourlady-kenosha.solutiosoftware.com/administrator,milwaukee/ourlady-kenosha
OurLady-Mass,wold,,3,dalaran,ourladyoflourdesmp.org,https://ourlady-mass.solutiosoftware.com/administrator,rc/ourlady-mass
OurLady-Monroe,yale,,3,dalaran,ourladymonroe.org,https://ourlady-monroe.solutiosoftware.com/administrator,charlotte/ourlady-monroe
OurLady-Morrow,wold,,3,dalaran,www.olohparishfamily.org,https://ourlady-morrow.solutiosoftware.com/administrator,cincinnati/ourlady-morrow
OurLady-Springs,underhill,,3,dalaran,olphgoodland.com,https://ourlady-springs.solutiosoftware.com/administrator,salina/ourlady-springs
Papillion,valinor,,3,dalaran,www.saintcolumbkille.org,https://papillion.solutiosoftware.com/administrator,omaha/papillion
Peoria-Franciscans,wold,Tiny,3,dalaran,www.sistersofjohnthebaptist.com,https://peoria-franciscans.solutiosoftware.com/administrator,nra/peoria-franciscans
PerryHomes,underhill,Tiny,3,dalaran,www.pfcustomhomes.com,https://perryhomes.solutiosoftware.com/administrator,nra/perryhomes
Phillipsburg,wold,,3,dalaran,phillipsburgcatholic.org,https://phillipsburg.solutiosoftware.com/administrator,salina/phillipsburg
Pokes,yale,,3,dalaran,catholicpokes.com,https://pokes.solutiosoftware.com/administrator,tulsa/pokes
PoorClares,valinor,Medium,3,dalaran,www.olamnuns.com,https://poorclares.solutiosoftware.com/administrator,birmingham/poorclares
PoP-GB,zelda,,3,dalaran,greatbendcatholic.com,https://pop-gb.solutiosoftware.com/administrator,dodgecity/pop-gb
Pop-Plano,yale,,3,dalaran,www.popplano.org,https://pop-plano.solutiosoftware.com/administrator,dallas/pop-plano
Pratt,thalos,,3,dalaran,sacredheartpratt.com,https://pratt.solutiosoftware.com/administrator,dodgecity/pratt
Progressions,thalos,Medium,3,dalaran,www.progressionssalonanddayspa.com,https://progressions.solutiosoftware.com/administrator,nra/progressions
PromiseBound,valinor,Tiny,3,dalaran,iampromisebound.com,https://promisebound.solutiosoftware.com/administrator,nra/promisebound
QP-Salem,valinor,,3,dalaran,www.qpsalem.org,https://qp-salem.solutiosoftware.com/administrator,portlandinoregon/qp-salem
Queen-Beat,underhill,Small,3,dalaran,qasbeattyville.org,https://queen-beat.solutiosoftware.com/administrator,lexington/queen-beat
Queen-Plainsboro,wold,,3,dalaran,www.qomchurch.org,https://queen-plainsboro.solutiosoftware.com/administrator,metuchen/queen-plainsboro
Queen-Roosevelt,underhill,,3,dalaran,www.qtmhr.com,https://queen-roosevelt.solutiosoftware.com/administrator,rc/queen-roosevelt
Raleigh-Cathedral,thalos,Tiny,3,dalaran,www.friendsofhnojnc.org,https://raleigh-cathedral.solutiosoftware.com/administrator,raleigh/raleigh-cathedral
RC-Dallas,wold,Small,3,dalaran,www.radiocatolicacristorey.com,https://rc-dallas.solutiosoftware.com/administrator,nra/rc-dallas
Res-Esc,yale,,3,dalaran,resurrectionchurch.org,https://res-esc.solutiosoftware.com/administrator,sandiego/res-esc
Res-Farm,thalos,,3,dalaran,coresrcc.com,https://res-farm.solutiosoftware.com/administrator,rc/res-farm
Rez,thalos,Medium,3,dalaran,resurrectionwichita.com,https://rez.solutiosoftware.com/administrator,wichita/rez
RobC,thalos,Tiny,3,dalaran,robcam.us,https://robc.solutiosoftware.com/administrator,nra/robc
Royce-Blair,wold,Tiny,3,dalaran,roycehvac.com,https://royce-blair.solutiosoftware.com/administrator,nra/royce-blair
SAA-Flu,wold,,3,dalaran,standrewavellinorcchurch.org,https://saa-flu.solutiosoftware.com/administrator,brooklyn/saa-flu
Sage,underhill,Medium,3,dalaran,gearconnexion.com,https://sage.solutiosoftware.com/administrator,nra/sage
Saltlight,valinor,Small,3,dalaran,wichitacya.com,https://saltlight.solutiosoftware.com/administrator,nra/saltlight
SAM-Young,moria2,,3,crystalsong,stangelayoungstown.org,https://sam-young.solutiosoftware.com/administrator,youngstown/sam-young
SanClemente-Lunas,yale,,3,dalaran,sanclementeparish.org,https://sanclemente-lunas.solutiosoftware.com/administrator,santafe/sanclemente-lunas
SanFran-Green,valinor,,3,dalaran,www.ss-fc.org,https://sanfran-green.solutiosoftware.com/administrator,indianapolis/sanfran-green
SAP-Lib,thalos,,3,dalaran,stanthonyliberalks.com,https://sap-lib.solutiosoftware.com/administrator,dodgecity/sap-lib
SCB-KC,wold,,3,,scb-kc.solutiosoftware.com,https://scb-kc.solutiosoftware.com/administrator,kcm/scb-kc
Schulte,zelda,,3,dalaran,stpeterschulte.com,https://schulte.solutiosoftware.com/administrator,wichita/schulte
SCSV-Rock,thalos,,3,dalaran,rcvparish.com,https://scsv-rock.solutiosoftware.com/administrator,brooklyn/scsv-rock
SCSV-West,yale,,3,dalaran,www.saintclarewesterly.site,https://scsv-west.solutiosoftware.com/administrator,providence/scsv-west
SD-Cemetery,wold,Small,3,dalaran,holycrosssd.org,https://sd-cemetery.solutiosoftware.com/administrator,sandiego/sd-cemetery
SD-Man,zelda,,3,dalaran,sevendolors.com,https://sd-man.solutiosoftware.com/administrator,salina/sd-man
SDS,moria2,Small,3,crystalsong,www.sdata.com,https://sds.solutiosoftware.com/administrator,nra/sds
SEAS,thalos,,3,dalaran,www.seaswichita.com,https://seas.solutiosoftware.com/administrator,wichita/seas
SEAS-FC,valinor,,3,dalaran,seas-parish.org,https://seas-fc.solutiosoftware.com/administrator,denver/seas-fc
SEAS-Ontario,wold,,3,dalaran,seascc-ont.org,https://seas-ontario.solutiosoftware.com/administrator,sanbernardino/seas-ontario
SEAS-PSL,thalos,,3,dalaran,seascatholicparish.org,https://seas-psl.solutiosoftware.com/administrator,palmbeach/seas-psl
SEAS-Ronkonkoma,yale,,3,dalaran,steas.org,https://seas-ronkonkoma.solutiosoftware.com/administrator,rc/seas-ronkonkoma
SEAS-Salem,thalos,,3,dalaran,avilaseton.org,https://seas-salem.solutiosoftware.com/administrator,belleville/seas-salem
SEAS-Salina,valinor,,3,dalaran,stesalina.org,https://seas-salina.solutiosoftware.com/administrator,salina/seas-salina
SEAS-Sun,wold,,3,dalaran,www.sescc.org,https://seas-sun.solutiosoftware.com/administrator,phoenix/seas-sun
SEAS-Whiting,wold,,3,dalaran,seaswhiting.org,https://seas-whiting.solutiosoftware.com/administrator,trenton/seas-whiting
Serra-KC,thalos,Tiny,3,dalaran,www.serrakck.org,https://serra-kc.solutiosoftware.com/administrator,nra/serra-kc
SFA-Concord,valinor,,3,dalaran,sfaconcord.com,https://sfa-concord.solutiosoftware.com/administrator,oakland/sfa-concord
SFA-Lincoln,yale,,3,dalaran,www.stfrancislincoln.org,https://sfa-lincoln.solutiosoftware.com/administrator,lincoln/sfa-lincoln
SFA-Springs,wold,,3,dalaran,www.stfranciscs.org,https://sfa-springs.solutiosoftware.com/administrator,coloradosprings/sfa-springs
SFX-Burl,moria2,Tiny,3,crystalsong,st-francis-joseph-patrick-teresa.org,https://sfx-burl.solutiosoftware.com/administrator,kck/sfx-burl
SFX-Enid,underhill,,3,dalaran,stfrancisenid.com,https://sfx-enid.solutiosoftware.com/administrator,okc/sfx-enid
SGM-PJS,zelda,,3,dalaran,www.stgmajella.org,https://sgm-pjs.solutiosoftware.com/administrator,rc/sgm-pjs
SGNA,moria2,Tiny,3,crystalsong,georgiasgna.org,https://sgna.solutiosoftware.com/administrator,nra/sgna
SH-Baileyville,thalos,Tiny,3,dalaran,shbaileyville.com,https://sh-baileyville.solutiosoftware.com/administrator,kck/sh-baileyville
SH-Brevard,valinor,,3,dalaran,www.sacredheartbrevard.org,https://sh-brevard.solutiosoftware.com/administrator,charlotte/sh-brevard
SH-Colby,thalos,,3,dalaran,sacredheartcolby.com,https://sh-colby.solutiosoftware.com/administrator,salina/sh-colby
SH-Cut,wold,,3,dalaran,www.sacredheartolgc.org,https://sh-cut.solutiosoftware.com/administrator,rc/sh-cut
SH-Emporia,wold,,3,dalaran,shemporia.org,https://sh-emporia.solutiosoftware.com/administrator,kck/sh-emporia
SH-Groton,wold,,3,dalaran,www.sacredheartgroton.org,https://sh-groton.solutiosoftware.com/administrator,norwich/sh-groton
SH-Lincoln,valinor,,3,dalaran,sacredheartlincoln.org,https://sh-lincoln.solutiosoftware.com/administrator,lincoln/sh-lincoln
SH-Merrick,zelda,,3,dalaran,www.sacredheartnm.org,https://sh-merrick.solutiosoftware.com/administrator,rc/sh-merrick
SH-Miami,yale,,3,dalaran,sacredheartmiami.org,https://sh-miami.solutiosoftware.com/administrator,tulsa/sh-miami
SH-NewCar,valinor,,3,dalaran,sacredheartnc.net,https://sh-newcar.solutiosoftware.com/administrator,cincinnati/sh-newcar
SH-Nor,thalos,,3,dalaran,heartofjesuscatholic.com,https://sh-nor.solutiosoftware.com/administrator,omaha/sh-nor
SH-Oelwein,thalos,,3,dalaran,www.sacredheartoelwein.com,https://sh-oelwein.solutiosoftware.com/administrator,dubuque/sh-oelwein
SH-OKC,underhill,,3,dalaran,www.sacredheartparishokc.org,https://sh-okc.solutiosoftware.com/administrator,okc/sh-okc
SH-Plain,moria2,Small,3,crystalsong,shcplainville.org,https://sh-plain.solutiosoftware.com/administrator,salina/sh-plain
SH-Prescott,underhill,,3,dalaran,www.sacredheartprescott.com,https://sh-prescott.solutiosoftware.com/administrator,phoenix/sh-prescott
SH-Rush,moria2,Tiny,3,crystalsong,sacredheartrcmn.org,https://sh-rush.solutiosoftware.com/administrator,saintpaul/sh-rush
SH-Salina,wold,,3,dalaran,shcathedral.com,https://sh-salina.solutiosoftware.com/administrator,salina/sh-salina
SH-Shelby,thalos,,3,dalaran,shelbysacredheart.com,https://sh-shelby.solutiosoftware.com/administrator,lincoln/sh-shelby
SH-Ton,valinor,,3,dalaran,shcct.com,https://sh-ton.solutiosoftware.com/administrator,kck/sh-ton
SH-Was,thalos,,3,dalaran,sacredheartwaseca.org,https://sh-was.solutiosoftware.com/administrator,winona/sh-was
Sheboygan-North,underhill,,3,dalaran,sheboygannorthcatholicparishes.org,https://sheboygan-north.solutiosoftware.com/administrator,milwaukee/sheboygan-north
Sheboygan-South,yale,,3,dalaran,www.sscparishes.org,https://sheboygan-south.solutiosoftware.com/administrator,milwaukee/sheboygan-south
Sheerin,underhill,Tiny,3,dalaran,www.sheerinscientific.com,https://sheerin.solutiosoftware.com/administrator,nra/sheerin
Shelbyville,zelda,,3,dalaran,shelbycatholic.org,https://shelbyville.solutiosoftware.com/administrator,indianapolis/shelbyville
Shuttle,thalos,Tiny,3,dalaran,www.shuttleaerospace.com,https://shuttle.solutiosoftware.com/administrator,nra/shuttle
SJ-Nurse,moria2,Small,3,crystalsong,sanjuannursinghome.org,https://sj-nurse.solutiosoftware.com/administrator,nra/sj-nurse
SJB-Louisville,underhill,,3,dalaran,www.sbsjlou.org,https://sjb-louisville.solutiosoftware.com/administrator,louisville/sjb-louisville
SJN-Lil,thalos,,3,dalaran,sjnlilburn.com,https://sjn-lil.solutiosoftware.com/administrator,atlanta/sjn-lil
SJP-Burl,underhill,,3,dalaran,dmcountycatholic.org,https://sjp-burl.solutiosoftware.com/administrator,davenport/sjp-burl
SJR-Spring,zelda,,3,dalaran,josephraphael.org,https://sjr-spring.solutiosoftware.com/administrator,cincinnati/sjr-spring
SJS-Houston,underhill,,3,dalaran,www.saintjoseph.org,https://sjs-houston.solutiosoftware.com/administrator,gh/sjs-houston
SJV-StPaul,yale,,3,dalaran,www.sjvssp.org,https://sjv-stpaul.solutiosoftware.com/administrator,saintpaul/sjv-stpaul
SJV-WC,underhill,,3,dalaran,sjvianney.org,https://sjv-wc.solutiosoftware.com/administrator,oakland/sjv-wc
SLC,valinor,Small,3,dalaran,www.slcwichita.org,https://slc.solutiosoftware.com/administrator,wichita/slc
SMC-Oak,moria2,Medium,3,crystalsong,stmarysoakdale.org,https://smc-oak.solutiosoftware.com/administrator,stockton/smc-oak
SMH-Aug,underhill,Medium,3,dalaran,stmaryssaints.org,https://smh-aug.solutiosoftware.com/administrator,savannah/smh-aug
SMM-Omaha,wold,Medium,3,dalaran,www.smmomaha.org,https://smm-omaha.solutiosoftware.com/administrator,omaha/smm-omaha
SMM-Wichita,underhill,,3,dalaran,smmwichita.com,https://smm-wichita.solutiosoftware.com/administrator,wichita/smm-wichita
SMMS,yale,Medium,3,dalaran,sisterservantsofmary.org,https://smms.solutiosoftware.com/administrator,nra/smms
SMQ-Rus,moria2,Tiny,3,crystalsong,stmaryrussell.com,https://smq-rus.solutiosoftware.com/administrator,salina/smq-rus
SMQ-Salina,underhill,,3,dalaran,stmsalina.org,https://smq-salina.solutiosoftware.com/administrator,salina/smq-salina
SNM-Hays,zelda,,3,dalaran,stn-church.com,https://snm-hays.solutiosoftware.com/administrator,salina/snm-hays
Sodality-SH,underhill,Tiny,3,dalaran,www.mostsacredheart.net,https://sodality-sh.solutiosoftware.com/administrator,stlouis/sodality-sh
SOLS,valinor,Small,3,dalaran,www.ols.org,https://sols.solutiosoftware.com/administrator,nra/sols
Solutio-Demo,underhill,,3,dalaran,demo.solutiosoftware.com,https://demo.solutiosoftware.com/administrator,solutio/solutio-demo
Solutio-Email,zelda,,3,dalaran,parishemail.org,https://solutio-email.solutiosoftware.com/administrator,solutio/solutio-email
Solutio-Main,moria2,,3,crystalsong,solutiosoftware.com,https://solutiosoftware.com/administrator,solutio/solutio-main
Solutio-SOP,valinor,,3,dalaran,sop.solutiosoftware.com,https://solutio-sop.solutiosoftware.com/administrator,solutio/solutio-sop
Solutio-Styles,yale,,3,dalaran,styles.solutiosoftware.com,https://solutio-styles.solutiosoftware.com/administrator,solutio/solutio-styles
Solutio-Support,underhill,,3,dalaran,solutiosupport.com,https://solutio-support.solutiosoftware.com/administrator,solutio/solutio-support
SOTR,valinor,Small,3,dalaran,resurrectionsisters.org,https://sotr.solutiosoftware.com/administrator,nra/sotr
Southington,valinor,,3,dalaran,school.stlukect.org,https://southington.solutiosoftware.com/administrator,hartford/southington
Southold,valinor,,3,dalaran,stpatricksouthold.org,https://southold.solutiosoftware.com/administrator,rc/southold
SPC-Sisters,yale,Small,3,dalaran,www.clavermissionarysisters.org,https://spc-sisters.solutiosoftware.com/administrator,nra/spc-sisters
Spear,moria2,,3,crystalsong,stjohnspearville.com,https://spear.solutiosoftware.com/administrator,dodgecity/spear
Spi-Dye,thalos,,3,dalaran,spiresoffaith.com,https://spi-dye.solutiosoftware.com/administrator,dubuque/spi-dye
SPN-MC,valinor,,3,dalaran,stphilipnerimwc.org,https://spn-mc.solutiosoftware.com/administrator,okc/spn-mc
SPP-Clay,yale,,3,dalaran,www.sspeterandpaulcc.org,https://spp-clay.solutiosoftware.com/administrator,salina/spp-clay
SPP-Horton,thalos,,3,dalaran,ssppp.org,https://spp-horton.solutiosoftware.com/administrator,greenbay/spp-horton
SPP-Manorville,thalos,,3,dalaran,www.saintspeterandpaul.org,https://spp-manorville.solutiosoftware.com/administrator,rc/spp-manorville
SPP-Rock,thalos,,3,dalaran,sspeterandpaul-rockford.org,https://spp-rock.solutiosoftware.com/administrator,rockford/spp-rock
SPX-ForkedRiver,zelda,,3,dalaran,churchofstpius.org,https://spx-forkedriver.solutiosoftware.com/administrator,trenton/spx-forkedriver
SPX-Urban,underhill,Medium,3,dalaran,stpiusxurbandale.org,https://spx-urban.solutiosoftware.com/administrator,desmoines/spx-urban
STA-Fortville,underhill,,3,dalaran,stthomasfortville.com,https://sta-fortville.solutiosoftware.com/administrator,indianapolis/sta-fortville
STA-Grovetown,underhill,,3,dalaran,www.st-teresa.com,https://sta-grovetown.solutiosoftware.com/administrator,atlanta/sta-grovetown
STA-Hempstead,valinor,,3,dalaran,www.stawh.church,https://sta-hempstead.solutiosoftware.com/administrator,rc/sta-hempstead
STA-Hutch,valinor,,3,dalaran,saintteresahutchinson.com,https://sta-hutch.solutiosoftware.com/administrator,wichita/sta-hutch
STA-Wichita,wold,Large,3,dalaran,stthomaswichita.com,https://sta-wichita.solutiosoftware.com/administrator,wichita/sta-wichita
StAgnes-Concord,wold,,3,dalaran,stagnes-concord.solutiosoftware.com,https://stagnes-concord.solutiosoftware.com/administrator,oakland/stagnes-concord
StAgnes-Greenport,wold,,3,dalaran,stagnes-greenport.solutiosoftware.com,https://stagnes-greenport.solutiosoftware.com/administrator,rc/stagnes-greenport
StAgnes-Kirk,moria2,Medium,3,crystalsong,www.stagneshome.com,https://stagnes-kirk.solutiosoftware.com/administrator,nra/stagnes-kirk
StAl-Hick,yale,,3,dalaran,www.staloysiushickory.org,https://stal-hick.solutiosoftware.com/administrator,charlotte/stal-hick
StAl-Pewee,underhill,,3,dalaran,staloysiusky.org,https://stal-pewee.solutiosoftware.com/administrator,louisville/stal-pewee
StAndrew-Delavan,thalos,,3,dalaran,www.standrews-delavan.org,https://standrew-delavan.solutiosoftware.com/administrator,milwaukee/standrew-delavan
StAndrew-Tec,yale,,3,dalaran,www.standrewtecumseh.org,https://standrew-tec.solutiosoftware.com/administrator,lincoln/standrew-tec
StAnne,underhill,,3,dalaran,www.stannewichita.org,https://stanne.solutiosoftware.com/administrator,wichita/stanne
StAnne-Arv,yale,,3,dalaran,www.shrineofstanne.org,https://stanne-arv.solutiosoftware.com/administrator,denver/stanne-arv
StAnne-Blue,valinor,,3,dalaran,stanneholytrinity.org,https://stanne-blue.solutiosoftware.com/administrator,lincoln/stanne-blue
StAnne-Hou,moria2,Medium,3,crystalsong,www.saintanne.org,https://stanne-hou.solutiosoftware.com/administrator,gh/stanne-hou
StAnne-Prairie,wold,,3,dalaran,saint-anne.org,https://stanne-prairie.solutiosoftware.com/administrator,milwaukee/stanne-prairie
StAnne-You,wold,,3,dalaran,stannechurch.net,https://stanne-you.solutiosoftware.com/administrator,lafayette/stanne-you
StAnt-Columbus,wold,,3,dalaran,stanthonycolumbusne.org,https://stant-columbus.solutiosoftware.com/administrator,omaha/stant-columbus
StAnt-Northport,valinor,,3,dalaran,saintanthonyofpadua.org,https://stant-northport.solutiosoftware.com/administrator,rc/stant-northport
StAnt-Nov,valinor,,3,dalaran,stanthonynovato.org,https://stant-nov.solutiosoftware.com/administrator,sanfrancisco/stant-nov
StAnt-Rock,yale,,3,dalaran,www.stanthonyrp.org,https://stant-rock.solutiosoftware.com/administrator,rc/stant-rock
StAnthony-Rock,yale,,3,dalaran,stanthonyrockford.org,https://stanthony-rock.solutiosoftware.com/administrator,rockford/stanthony-rock
Stavola,yale,Tiny,3,dalaran,stavola.solutiosoftware.com,https://stavola.solutiosoftware.com/administrator,nra/stavola
StB-Bro,zelda,,3,dalaran,stbernadettebrooklyn.com,https://stb-bro.solutiosoftware.com/administrator,brooklyn/stb-bro
StB-StL,wold,,3,dalaran,stbernadetteslw.org,https://stb-stl.solutiosoftware.com/administrator,palmbeach/stb-stl
StBar-Bay,yale,,3,dalaran,stbarnabasbayville.com,https://stbar-bay.solutiosoftware.com/administrator,trenton/stbar-bay
StBarnabas-Indy,underhill,,3,dalaran,www.stbindy.org,https://stbarnabas-indy.solutiosoftware.com/administrator,indianapolis/stbarnabas-indy
StBart-Columbus,underhill,,3,dalaran,www.saintbartholomew.org,https://stbart-columbus.solutiosoftware.com/administrator,indianapolis/stbart-columbus
StBen-NC,yale,Tiny,3,dalaran,www.stbens.org,https://stben-nc.solutiosoftware.com/administrator,lincoln/stben-nc
StBer-Ells,moria2,Tiny,3,crystalsong,stbstistj.com,https://stber-ells.solutiosoftware.com/administrator,salina/stber-ells
StBern-Levit,thalos,,3,dalaran,www.stbernardchurch.org,https://stbern-levit.solutiosoftware.com/administrator,rc/stbern-levit
StBon-Antonio,wold,,3,dalaran,stbonaventuresa.org,https://stbon-antonio.solutiosoftware.com/administrator,sanantonio/stbon-antonio
StBon-Columbus,underhill,,3,dalaran,stboncc.com,https://stbon-columbus.solutiosoftware.com/administrator,omaha/stbon-columbus
StBon-Elmont,yale,,3,dalaran,www.saintbonifaceelmont.com,https://stbon-elmont.solutiosoftware.com/administrator,rc/stbon-elmont
StBon-HB,moria2,Medium,3,crystalsong,www.stbonaventure.org,https://stbon-hb.solutiosoftware.com/administrator,orange/stbon-hb
StBon-Tipton,wold,,3,dalaran,osbornecountycatholic.org,https://stbon-tipton.solutiosoftware.com/administrator,salina/stbon-tipton
StBosco-Hammond,wold,,3,dalaran,sjbhammond.org,https://stbosco-hammond.solutiosoftware.com/administrator,gary/stbosco-hammond
StBrig-Memphis,underhill,,3,dalaran,www.stbrigidmemphis.org,https://stbrig-memphis.solutiosoftware.com/administrator,memphis/stbrig-memphis
StBrig-West,zelda,,3,dalaran,saintbrigid.net,https://stbrig-west.solutiosoftware.com/administrator,rc/stbrig-west
StC-Board,wold,,3,dalaran,www.stcatherineparishboardman.org,https://stc-board.solutiosoftware.com/administrator,youngstown/stc-board
STC-Coll,moria2,Small,3,crystalsong,stteresaofcalcuttanj.org,https://stc-coll.solutiosoftware.com/administrator,camden/stc-coll
StC-Sickler,valinor,,3,dalaran,www.churchofscb.org,https://stc-sickler.solutiosoftware.com/administrator,camden/stc-sickler
StCat-Emporia,valinor,,3,dalaran,stcatherineemporia.org,https://stcat-emporia.solutiosoftware.com/administrator,kck/stcat-emporia
StCat-Franklin,wold,,3,dalaran,stcat-franklin.solutiosoftware.com,https://stcat-franklin.solutiosoftware.com/administrator,rc/stcat-franklin
StCat-Horsham,wold,,3,dalaran,stcatherineschurch.org,https://stcat-horsham.solutiosoftware.com/administrator,philadelphia/stcat-horsham
StCats-Wichita,wold,,3,dalaran,saintcatherinewichita.com,https://stcats-wichita.solutiosoftware.com/administrator,wichita/stcats-wichita
StCecilia-Hastings,yale,,3,dalaran,www.stceciliahastings.org,https://stcecilia-hastings.solutiosoftware.com/administrator,lincoln/stcecilia-hastings
StChris-Speed,wold,,3,dalaran,www.stchrisindy.org,https://stchris-speed.solutiosoftware.com/administrator,indianapolis/stchris-speed
StDom-GC,underhill,,3,dalaran,st-dominic.org,https://stdom-gc.solutiosoftware.com/administrator,dodgecity/stdom-gc
StDom-Security,yale,,3,dalaran,www.stdominiconline.org,https://stdom-security.solutiosoftware.com/administrator,coloradosprings/stdom-security
StDorothy-Lincoln,yale,,3,dalaran,stdorothys.com,https://stdorothy-lincoln.solutiosoftware.com/administrator,charlotte/stdorothy-lincoln
StE-Collegeville,valinor,,3,dalaran,www.steleanor.com,https://ste-collegeville.solutiosoftware.com/administrator,philadelphia/ste-collegeville
StEd-Fair,moria2,Tiny,3,crystalsong,www.stedwardfairfield.com,https://sted-fair.solutiosoftware.com/administrator,belleville/sted-fair
StEd-Louisville,valinor,,3,dalaran,stedwardchurch.com,https://sted-louisville.solutiosoftware.com/administrator,louisville/sted-louisville
StFrancis-Geneva,wold,,3,dalaran,school.sfdslg.org,https://stfrancis-geneva.solutiosoftware.com/administrator,milwaukee/stfrancis-geneva
StFrancis-Patch,wold,,3,dalaran,www.stfrancispatchogue.com,https://stfrancis-patch.solutiosoftware.com/administrator,rc/stfrancis-patch
StGabriel-Indy,wold,,3,dalaran,stgabrielindy.org,https://stgabriel-indy.solutiosoftware.com/administrator,indianapolis/stgabriel-indy
StGerald-Ralston,wold,,3,dalaran,stgerald.org,https://stgerald-ralston.solutiosoftware.com/administrator,omaha/stgerald-ralston
StGertrude-Bay,wold,,3,dalaran,stgerts.org,https://stgertrude-bay.solutiosoftware.com/administrator,rc/stgertrude-bay
StGreg-Enid,valinor,,3,dalaran,www.stgregoryenid.com,https://stgreg-enid.solutiosoftware.com/administrator,okc/stgreg-enid
StGreg-Shaw,thalos,Medium,3,dalaran,monksok.org,https://stgreg-shaw.solutiosoftware.com/administrator,okc/stgreg-shaw
StGreg-VB,underhill,,3,dalaran,www.stgregoryvabeach.org,https://stgreg-vb.solutiosoftware.com/administrator,richmond/stgreg-vb
StH-FM,underhill,,3,dalaran,www.sthelenachurch.org,https://sth-fm.solutiosoftware.com/administrator,denver/sth-fm
StHugh-Hunt,zelda,,3,dalaran,sthugh.org,https://sthugh-hunt.solutiosoftware.com/administrator,rc/sthugh-hunt
StIzzy-Man,zelda,,3,dalaran,stisidores.com,https://stizzy-man.solutiosoftware.com/administrator,salina/stizzy-man
StJ-Omaha,wold,,3,dalaran,stjamescatholicchurch.org,https://stj-omaha.solutiosoftware.com/administrator,omaha/stj-omaha
StJames-Eagle,yale,,3,dalaran,www.stjamesmukwonago.org,https://stjames-eagle.solutiosoftware.com/administrator,milwaukee/stjames-eagle
StJames-McMinnville,underhill,,3,dalaran,www.stjamesmac.com,https://stjames-mcminnville.solutiosoftware.com/administrator,portlandinoregon/stjames-mcminnville
StJames-Rock,yale,,3,dalaran,www.stjamesrockford.com,https://stjames-rock.solutiosoftware.com/administrator,rockford/stjames-rock
StJames-Spring,valinor,,3,dalaran,www.stjta.org,https://stjames-spring.solutiosoftware.com/administrator,gh/stjames-spring
StJo-Britain,underhill,,3,dalaran,stjoachimct.org,https://stjo-britain.solutiosoftware.com/administrator,hartford/stjo-britain
StJoan-Harper,wold,,3,dalaran,stjoan-harper.solutiosoftware.com,https://stjoan-harper.solutiosoftware.com/administrator,wichita/stjoan-harper
StJoe-Andale,thalos,,3,dalaran,www.stjosephandale.com,https://stjoe-andale.solutiosoftware.com/administrator,wichita/stjoe-andale
StJoe-Auburn,thalos,Small,3,dalaran,auburnstjoseph-clara.org,https://stjoe-auburn.solutiosoftware.com/administrator,lincoln/stjoe-auburn
StJoe-Babylon,valinor,,3,dalaran,stjosephsbabylon.org,https://stjoe-babylon.solutiosoftware.com/administrator,rc/stjoe-babylon
StJoe-Beatrice,valinor,,3,dalaran,www.stjosephbeatrice.org,https://stjoe-beatrice.solutiosoftware.com/administrator,lincoln/stjoe-beatrice
StJoe-Conway,wold,,3,dalaran,stjoecs.org,https://stjoe-conway.solutiosoftware.com/administrator,wichita/stjoe-conway
StJoe-EW,moria2,,3,crystalsong,stjosephellinwood.com,https://stjoe-ew.solutiosoftware.com/administrator,dodgecity/stjoe-ew
StJoe-Freeburg,yale,,3,dalaran,www.stjosephfreeburg.org,https://stjoe-freeburg.solutiosoftware.com/administrator,belleville/stjoe-freeburg
StJoe-Harv,wold,,3,dalaran,stjosephharvard.org,https://stjoe-harv.solutiosoftware.com/administrator,rockford/stjoe-harv
StJoe-Hays,underhill,,3,dalaran,www.stj-church.com,https://stjoe-hays.solutiosoftware.com/administrator,salina/stjoe-hays
StJoe-Hum,moria2,Tiny,3,crystalsong,stjosephhumboldt.org,https://stjoe-hum.solutiosoftware.com/administrator,wichita/stjoe-hum
StJoe-Kan,valinor,,3,dalaran,stjosephkannapolis.com,https://stjoe-kan.solutiosoftware.com/administrator,charlotte/stjoe-kan
StJoe-King,valinor,,3,dalaran,www.stjoekp.com,https://stjoe-king.solutiosoftware.com/administrator,rc/stjoe-king
StJoe-Louisville,underhill,,3,dalaran,sjosephcatholic.org,https://stjoe-louisville.solutiosoftware.com/administrator,louisville/stjoe-louisville
StJoe-Middle,valinor,,3,dalaran,www.stjosephmiddletown.com,https://stjoe-middle.solutiosoftware.com/administrator,wilmington/stjoe-middle
StJoe-Norman,wold,,3,dalaran,stjosephsok.org,https://stjoe-norman.solutiosoftware.com/administrator,okc/stjoe-norman
StJoe-Ost,zelda,,3,dalaran,sjost.com,https://stjoe-ost.solutiosoftware.com/administrator,wichita/stjoe-ost
StJoe-River,underhill,Medium,3,dalaran,stjosephtomsriver.org,https://stjoe-river.solutiosoftware.com/administrator,trenton/stjoe-river
StJoe-Scott,thalos,Small,3,dalaran,stjosephsc.com,https://stjoe-scott.solutiosoftware.com/administrator,dodgecity/stjoe-scott
StJoe-Shawnee,yale,,3,dalaran,church.stjoeshawnee.org,https://stjoe-shawnee.solutiosoftware.com/administrator,kck/stjoe-shawnee
StJoe-Wichita,valinor,,3,dalaran,stjosephwichita.com,https://stjoe-wichita.solutiosoftware.com/administrator,wichita/stjoe-wichita
StJoe-York,thalos,,3,dalaran,stjosephyork.com,https://stjoe-york.solutiosoftware.com/administrator,lincoln/stjoe-york
StJohn-Beloit,underhill,Small,3,dalaran,www.stjohnsbeloit.org,https://stjohn-beloit.solutiosoftware.com/administrator,salina/stjohn-beloit
StJohn-Brandenburg,wold,,3,dalaran,www.stjohnonline.org,https://stjohn-brandenburg.solutiosoftware.com/administrator,louisville/stjohn-brandenburg
StJohn-Central,yale,,3,dalaran,stjohnofgodparish.org,https://stjohn-central.solutiosoftware.com/administrator,rc/stjohn-central
StJohn-Herington,valinor,Tiny,3,dalaran,highway4catholics.org,https://stjohn-herington.solutiosoftware.com/administrator,salina/stjohn-herington
StJohn-Mil,moria2,Medium,3,crystalsong,www.stjohnmililani.org,https://stjohn-mil.solutiosoftware.com/administrator,honolulu/stjohn-mil
StJohn-Plymouth,wold,,3,dalaran,sjbplymouth.org,https://stjohn-plymouth.solutiosoftware.com/administrator,milwaukee/stjohn-plymouth
StJohn-Riverhead,valinor,,3,dalaran,saintjohnriverhead.org,https://stjohn-riverhead.solutiosoftware.com/administrator,rc/stjohn-riverhead
StJohn-Whiting,thalos,,3,dalaran,www.stjohnbap.org,https://stjohn-whiting.solutiosoftware.com/administrator,gary/stjohn-whiting
StJohn-Wilmington,yale,Medium,3,dalaran,www.sjbdel.org,https://stjohn-wilmington.solutiosoftware.com/administrator,wilmington/stjohn-wilmington
StJohnC-Philly,wold,,3,dalaran,www.stjohncantiusparish.org,https://stjohnc-philly.solutiosoftware.com/administrator,philadelphia/stjohnc-philly
StJude,wold,,3,dalaran,stjudewichita.org,https://stjude.solutiosoftware.com/administrator,wichita/stjude
StJude-Indy,yale,,3,dalaran,www.stjudeindy.org,https://stjude-indy.solutiosoftware.com/administrator,indianapolis/stjude-indy
StKat-Philly,wold,,3,,stkat-philly.solutiosoftware.com,https://stkat-philly.solutiosoftware.com/administrator,philadelphia/stkat-philly
StLau-Elgin,valinor,,3,dalaran,stlaurenceelgin.org,https://stlau-elgin.solutiosoftware.com/administrator,rockford/stlau-elgin
StLaw-Alex,wold,,3,dalaran,stlaw-alex.solutiosoftware.com,https://stlaw-alex.solutiosoftware.com/administrator,arlington/stlaw-alex
StLaw-Indy,wold,,3,dalaran,www.saintlawrence.net,https://stlaw-indy.solutiosoftware.com/administrator,indianapolis/stlaw-indy
StLaw-Say,valinor,,3,dalaran,www.stlawrencesayville.org,https://stlaw-say.solutiosoftware.com/administrator,rc/stlaw-say
StLeo-Doug,yale,,3,dalaran,stsleoandmartin.com,https://stleo-doug.solutiosoftware.com/administrator,lincoln/stleo-doug
StLiz-Melville,wold,,3,dalaran,stelizabeth.org,https://stliz-melville.solutiosoftware.com/administrator,rc/stliz-melville
StLouis-Sound,wold,,3,dalaran,www.stlouisdm.org,https://stlouis-sound.solutiosoftware.com/administrator,rc/stlouis-sound
StLuke-Indy,underhill,,3,dalaran,www.stluke.org,https://stluke-indy.solutiosoftware.com/administrator,indianapolis/stluke-indy
StM-Gas,yale,,3,dalaran,www.stmccg.org,https://stm-gas.solutiosoftware.com/administrator,charlotte/stm-gas
StM-Lincoln,yale,,3,dalaran,www.stmichaellincoln.org,https://stm-lincoln.solutiosoftware.com/administrator,lincoln/stm-lincoln
STM-Man,underhill,,3,dalaran,stmmanhattan.com,https://stm-man.solutiosoftware.com/administrator,salina/stm-man
StM-Mul,underhill,,3,dalaran,stmichaelmulvane.org,https://stm-mul.solutiosoftware.com/administrator,wichita/stm-mul
StMark,thalos,,3,dalaran,stmarkks.org,https://stmark.solutiosoftware.com/administrator,wichita/stmark
StMark-Seagirt,zelda,,3,dalaran,stmarkseagirt.com,https://stmark-seagirt.solutiosoftware.com/administrator,trenton/stmark-seagirt
StMark-Shoreham,valinor,,3,dalaran,stmarkshoreham.org,https://stmark-shoreham.solutiosoftware.com/administrator,rc/stmark-shoreham
StMartha-Union,wold,,3,dalaran,saintmartha.org,https://stmartha-union.solutiosoftware.com/administrator,rc/stmartha-union
StMartin-Beth,underhill,,3,dalaran,www.smtbethpage.org,https://stmartin-beth.solutiosoftware.com/administrator,rc/stmartin-beth
StMartin-Martin,underhill,,3,dalaran,www.stmtours.org,https://stmartin-martin.solutiosoftware.com/administrator,indianapolis/stmartin-martin
StMary-Bar,underhill,,3,dalaran,stmarybarnegat.com,https://stmary-bar.solutiosoftware.com/administrator,trenton/stmary-bar
StMary-Bell,thalos,,3,dalaran,stmarysbellevue.com,https://stmary-bell.solutiosoftware.com/administrator,omaha/stmary-bell
StMary-Colby,yale,Medium,3,dalaran,stmarycolby.org,https://stmary-colby.solutiosoftware.com/administrator,lacrosse/stmary-colby
StMary-Davey,yale,,3,dalaran,stmarydavey.org,https://stmary-davey.solutiosoftware.com/administrator,lincoln/stmary-davey
StMary-Derby,valinor,,3,dalaran,www.stmarysderby.com,https://stmary-derby.solutiosoftware.com/administrator,wichita/stmary-derby
StMary-Ell,moria2,,3,crystalsong,stmarysofellis.org,https://stmary-ell.solutiosoftware.com/administrator,salina/stmary-ell
StMary-GC,thalos,,3,dalaran,stmarygc.com,https://stmary-gc.solutiosoftware.com/administrator,dodgecity/stmary-gc
StMary-George,thalos,,3,dalaran,saintmaryparish.org,https://stmary-george.solutiosoftware.com/administrator,boston/stmary-george
StMary-Guth,valinor,Small,3,dalaran,stmaryguthrie.com,https://stmary-guth.solutiosoftware.com/administrator,okc/stmary-guth
StMary-Hartford,underhill,Small,3,dalaran,stmaryshartford.org,https://stmary-hartford.solutiosoftware.com/administrator,kck/stmary-hartford
StMary-Indy,underhill,,3,dalaran,saintmarysindy.org,https://stmary-indy.solutiosoftware.com/administrator,indianapolis/stmary-indy
StMary-Jackson,yale,Medium,3,dalaran,www.stmaryjackson.org,https://stmary-jackson.solutiosoftware.com/administrator,atlanta/stmary-jackson
StMary-Minooka,yale,,3,dalaran,stmarysminooka.com,https://stmary-minooka.solutiosoftware.com/administrator,joliet/stmary-minooka
StMary-Nan,moria2,,3,crystalsong,stmarysnantucket.org,https://stmary-nan.solutiosoftware.com/administrator,fallriver/stmary-nan
StMary-New,zelda,,3,dalaran,stmarynewton.org,https://stmary-new.solutiosoftware.com/administrator,wichita/stmary-new
StMary-Phoenixville,wold,,3,,stmary-phoenixville.solutiosoftware.com,https://stmary-phoenixville.solutiosoftware.com/administrator,philadelphia/stmary-phoenixville
StMary-Sycamore,wold,,3,dalaran,stmarysycamore.org,https://stmary-sycamore.solutiosoftware.com/administrator,rockford/stmary-sycamore
StMary-Toccoa,wold,,3,dalaran,www.stmarystoccoa.org,https://stmary-toccoa.solutiosoftware.com/administrator,atlanta/stmary-toccoa
StMary-Walnut,underhill,Small,3,dalaran,www.stmary-wc.org,https://stmary-walnut.solutiosoftware.com/administrator,oakland/stmary-walnut
StMary-Wayne,wold,,3,dalaran,www.familyofic.org,https://stmary-wayne.solutiosoftware.com/administrator,lincoln/stmary-wayne
StMary-Wood,valinor,,3,dalaran,www.stmary-woodstock.org,https://stmary-wood.solutiosoftware.com/administrator,rockford/stmary-wood
StMatt-Bell,yale,,3,dalaran,stmatthewbellevue.org,https://stmatt-bell.solutiosoftware.com/administrator,omaha/stmatt-bell
StMatt-Champ,valinor,,3,dalaran,www.stmatt.net,https://stmatt-champ.solutiosoftware.com/administrator,peoria/stmatt-champ
StMatt-Top,valinor,,3,dalaran,saintmatthews.org,https://stmatt-top.solutiosoftware.com/administrator,kck/stmatt-top
StMichael-Girard,valinor,Small,3,dalaran,stmichaelgirard.com,https://stmichael-girard.solutiosoftware.com/administrator,wichita/stmichael-girard
StMichael-Indy,valinor,,3,dalaran,saintmichaelindy.org,https://stmichael-indy.solutiosoftware.com/administrator,indianapolis/stmichael-indy
StMichael-Louisville,yale,,3,dalaran,stmichaelchurch.org,https://stmichael-louisville.solutiosoftware.com/administrator,louisville/stmichael-louisville
StMonica-Car,valinor,,3,dalaran,www.stmonicaparish.com,https://stmonica-car.solutiosoftware.com/administrator,rockford/stmonica-car
StNic-Kin,yale,,3,dalaran,stnicholaskinsley.org,https://stnic-kin.solutiosoftware.com/administrator,dodgecity/stnic-kin
StNic-Mun,moria2,Tiny,3,crystalsong,stnicholasmunster.com,https://stnic-mun.solutiosoftware.com/administrator,parma/stnic-mun
StNic-Orl,moria2,Small,3,crystalsong,orlandobyzantine.com,https://stnic-orl.solutiosoftware.com/administrator,passaic/stnic-orl
StPat-Bluff,underhill,,3,dalaran,www.stpatrickcb.org,https://stpat-bluff.solutiosoftware.com/administrator,desmoines/stpat-bluff
StPat-Cleveland,wold,,3,,stpat-cleveland.solutiosoftware.com,https://stpat-cleveland.solutiosoftware.com/administrator,cleveland/stpat-cleveland
StPat-Elkhorn,underhill,,3,dalaran,stpatrickselkhorn.org,https://stpat-elkhorn.solutiosoftware.com/administrator,milwaukee/stpat-elkhorn
StPat-Hunt,valinor,,3,dalaran,stpathuntington.org,https://stpat-hunt.solutiosoftware.com/administrator,rc/stpat-hunt
StPat-IC,wold,,3,dalaran,stpatsic.com,https://stpat-ic.solutiosoftware.com/administrator,davenport/stpat-ic
StPat-Laurie,underhill,,3,dalaran,www.stpatrickcatholicchurch.org,https://stpat-laurie.solutiosoftware.com/administrator,jeffersoncity/stpat-laurie
StPat-Tol,moria2,,3,crystalsong,www.stpatricktolono.com,https://stpat-tol.solutiosoftware.com/administrator,peoria/stpat-tol
StPat-Wichita,valinor,,3,dalaran,www.stpatswichita.org,https://stpat-wichita.solutiosoftware.com/administrator,wichita/stpat-wichita
StPats-King,underhill,,3,dalaran,stpatskingman.org,https://stpats-king.solutiosoftware.com/administrator,wichita/stpats-king
StPats-Par,zelda,,3,dalaran,stpatricksparsons.org,https://stpats-par.solutiosoftware.com/administrator,wichita/stpats-par
StPaul-Del,valinor,,3,dalaran,stpaulscatholic.org,https://stpaul-del.solutiosoftware.com/administrator,okc/stpaul-del
StPaul-Douglas,wold,,3,dalaran,stpaul-holyfamily.org,https://stpaul-douglas.solutiosoftware.com/administrator,savannah/stpaul-douglas
StPaul-Louisville,thalos,,3,dalaran,www.stpaulparishlouisvilleky.org,https://stpaul-louisville.solutiosoftware.com/administrator,louisville/stpaul-louisville
StPaul-SanPablo,valinor,,3,dalaran,www.stpaulchurchsanpablo.org,https://stpaul-sanpablo.solutiosoftware.com/administrator,oakland/stpaul-sanpablo
StPaul-WSU,valinor,,3,dalaran,stpaulwsu.com,https://stpaul-wsu.solutiosoftware.com/administrator,wichita/stpaul-wsu
StPeter-DC,valinor,Medium,3,dalaran,saintpetersdc.org,https://stpeter-dc.solutiosoftware.com/administrator,dc/stpeter-dc
StPeter-Eaton,wold,,3,dalaran,stpeter-eaton.solutiosoftware.com,https://stpeter-eaton.solutiosoftware.com/administrator,lansing/stpeter-eaton
StPeter-Lexington,valinor,,3,dalaran,www.stpeterlex.org,https://stpeter-lexington.solutiosoftware.com/administrator,lexington/stpeter-lexington
StPeter-Lincoln,zelda,,3,dalaran,saintpeterlincoln.com,https://stpeter-lincoln.solutiosoftware.com/administrator,lincoln/stpeter-lincoln
StPeter-Port,wold,,3,dalaran,www.stpeterofalcantara.org,https://stpeter-port.solutiosoftware.com/administrator,rc/stpeter-port
StPeter-Troy,yale,,3,dalaran,www.saintpeterscatholic.church,https://stpeter-troy.solutiosoftware.com/administrator,milwaukee/stpeter-troy
StPhil-Lans,moria2,Tiny,3,crystalsong,www.stphilspa.com,https://stphil-lans.solutiosoftware.com/administrator,philadelphia/stphil-lans
StPhil-Northport,yale,,3,dalaran,www.spnpt.org,https://stphil-northport.solutiosoftware.com/administrator,rc/stphil-northport
StRaphael-East,yale,,3,dalaran,www.straphaelparish.org,https://straphael-east.solutiosoftware.com/administrator,rc/straphael-east
StRob-Freehold,valinor,,3,dalaran,www.strobert.cc,https://strob-freehold.solutiosoftware.com/administrator,trenton/strob-freehold
StRob-Omaha,yale,Medium,3,dalaran,www.stroberts.com,https://strob-omaha.solutiosoftware.com/administrator,omaha/strob-omaha
StRoch-Indy,valinor,,3,dalaran,www.strochindy.org,https://stroch-indy.solutiosoftware.com/administrator,indianapolis/stroch-indy
StRose,valinor,Small,3,dalaran,strosemtvernon.com,https://strose.solutiosoftware.com/administrator,wichita/strose
StRose-Frank,underhill,,3,dalaran,saintrose.net,https://strose-frank.solutiosoftware.com/administrator,indianapolis/strose-frank
StRose-Hampton,valinor,,3,dalaran,www.saintrosalie.com,https://strose-hampton.solutiosoftware.com/administrator,rc/strose-hampton
StSimon-Louisville,thalos,,3,dalaran,mbs-parish.com,https://stsimon-louisville.solutiosoftware.com/administrator,louisville/stsimon-louisville
StSteph-Louisville,yale,,3,dalaran,ssmartyr.org,https://ststeph-louisville.solutiosoftware.com/administrator,louisville/ststeph-louisville
StSteph-Mir,moria2,,3,crystalsong,www.ststephenparish.net,https://ststeph-mir.solutiosoftware.com/administrator,miami/ststeph-mir
StTeresa-Lincoln,zelda,,3,dalaran,stlfchurch.org,https://stteresa-lincoln.solutiosoftware.com/administrator,lincoln/stteresa-lincoln
StWalter-Ros,yale,,3,dalaran,www.stwalterchurch.com,https://stwalter-ros.solutiosoftware.com/administrator,joliet/stwalter-ros
StWen-Dick,zelda,,3,dalaran,stwenceslausnd.com,https://stwen-dick.solutiosoftware.com/administrator,bismark/stwen-dick
StWen-IC,valinor,,3,dalaran,stwenc-ic.com,https://stwen-ic.solutiosoftware.com/administrator,davenport/stwen-ic
Sunrise,thalos,Tiny,3,dalaran,www.sunriseabs.com,https://sunrise.solutiosoftware.com/administrator,nra/sunrise
Symphony,yale,Small,3,dalaran,www.symphonyadvancement.com,https://symphony.solutiosoftware.com/administrator,nra/symphony
TCHS-Hutch,valinor,,3,dalaran,www.trinity-hutch.com,https://tchs-hutch.solutiosoftware.com/administrator,wichita/tchs-hutch
TGS-Colwich,yale,Medium,3,dalaran,tgscolwich.com,https://tgs-colwich.solutiosoftware.com/administrator,nra/tgs-colwich
TomsRiver-School,yale,Medium,3,dalaran,www.stjoeschooltr.org,https://tomsriver-school.solutiosoftware.com/administrator,trenton/tomsriver-school
TOR,wold,Small,3,dalaran,www.franciscansisterstor.org,https://tor.solutiosoftware.com/administrator,nra/tor
Trinity,valinor,Tiny,3,dalaran,servantsofthetrinity.org,https://trinity.solutiosoftware.com/administrator,wichita/trinity
Trinity-Lenexa,underhill,,3,dalaran,www.hteec.org,https://trinity-lenexa.solutiosoftware.com/administrator,kck/trinity-lenexa
Trinity-MC,valinor,,3,dalaran,www.holytrinitydownbeach.org,https://trinity-mc.solutiosoftware.com/administrator,camden/trinity-mc
TrueCare,yale,Medium,3,dalaran,www.eldoradotruecare.com,https://truecare.solutiosoftware.com/administrator,nra/truecare
TwinSprings,valinor,Tiny,3,dalaran,www.twinspringsfarmva.com,https://twinsprings.solutiosoftware.com/administrator,nra/twinsprings
US-Virgins,yale,Medium,3,dalaran,www.consecratedvirgins.org,https://us-virgins.solutiosoftware.com/administrator,nra/us-virgins
USD397,yale,Small,3,dalaran,www.kansasonlinelearning.org,https://usd397.solutiosoftware.com/administrator,nra/usd397
Voluntas,valinor,Small,3,dalaran,voluntasdeiusa.org,https://voluntas.solutiosoftware.com/administrator,nra/voluntas
Wheatland,yale,Small,3,dalaran,www.wheatlandmasonry.com,https://wheatland.solutiosoftware.com/administrator,nra/wheatland
WichitaDio,moria2,Tiny,3,crystalsong,wichitadio.solutiosoftware.com,https://wichitadio.solutiosoftware.com/administrator,wichita/wichitadio
Word-NY,yale,Small,3,dalaran,www.openingword.org,https://word-ny.solutiosoftware.com/administrator,nra/word-ny
